#{"t_start": 1644589158.0950682, "env_id": "SuperMarioBros-1-1-v0"}
r,l,t
3048,1460,7.392406
