#{"t_start": 1646275419.8527555, "env_id": "SuperMarioBros-1-1-v0"}
r,l,t
118,8019,28.958297
