#{"t_start": 1650988737.9391932, "env_id": "SuperMarioBros-1-1-v0"}
r,l,t
3064,1158,6.571913
